val_accuracy,val_loss
0.800000011920929,0.6153443455696106
