val_accuracy,val_loss
0.949999988079071,0.049168504774570465
