val_accuracy,val_loss
0.9916666746139526,0.04969090223312378
