val_accuracy,val_loss
0.9666666388511658,0.050593744963407516
