val_accuracy,val_loss
0.8999999761581421,0.2906636595726013
