val_accuracy,val_loss
0.9944444298744202,0.04483621567487717
