val_accuracy,val_loss
0.9972222447395325,0.009459340944886208
